{"cameraMode":{"drawMode":0,"name":"Shaded","section":"Shading Mode"},"sceneLighting":false,"audioPlay":false,"sceneViewState":{"showFog":true,"showMaterialUpdate":false,"showSkybox":true,"showFlares":true,"showImageEffects":true,"showParticleSystems":true},"in2DMode":false,"pivot":{"x":1.3192063570022584,"y":-0.6909538507461548,"z":1.8778700828552247},"rotation":{"x":0.23300212621688844,"y":-0.37323468923568728,"z":0.09741614758968353,"w":0.892709493637085},"size":6.263986110687256,"orthographic":false}