{"cameraMode":{"drawMode":0,"name":"Shaded","section":"Shading Mode"},"sceneLighting":false,"audioPlay":false,"sceneViewState":{"showFog":true,"showMaterialUpdate":false,"showSkybox":true,"showFlares":true,"showImageEffects":true,"showParticleSystems":true},"in2DMode":false,"pivot":{"x":3.2074320316314699,"y":1.2341749668121338,"z":-1.0260542631149293},"rotation":{"x":0.26094284653663638,"y":-0.04632043465971947,"z":0.012535602785646916,"w":0.9641639590263367},"size":2.963984727859497,"orthographic":false}