{"cameraMode":{"drawMode":0,"name":"Shaded","section":"Shading Mode"},"sceneLighting":false,"audioPlay":false,"sceneViewState":{"showFog":true,"showMaterialUpdate":false,"showSkybox":true,"showFlares":true,"showImageEffects":true,"showParticleSystems":true},"in2DMode":false,"pivot":{"x":-3.548145294189453,"y":-3.9611127376556398,"z":-0.5597886443138123},"rotation":{"x":0.30111759901046755,"y":-0.6347927451133728,"z":0.2952205538749695,"w":0.6474789381027222},"size":7.530386924743652,"orthographic":false}