{"cameraMode":{"drawMode":0,"name":"Shaded","section":"Shading Mode"},"sceneLighting":true,"audioPlay":false,"sceneViewState":{"showFog":true,"showMaterialUpdate":false,"showSkybox":true,"showFlares":true,"showImageEffects":true,"showParticleSystems":true},"in2DMode":false,"pivot":{"x":-0.8986874222755432,"y":-1.0196847915649415,"z":-1.409334421157837},"rotation":{"x":0.10956177115440369,"y":-0.889901876449585,"z":0.32919198274612429,"w":0.29618117213249209},"size":5.04175329208374,"orthographic":false}