{"cameraMode":{"drawMode":0,"name":"Shaded","section":"Shading Mode"},"sceneLighting":false,"audioPlay":false,"sceneViewState":{"showFog":true,"showMaterialUpdate":false,"showSkybox":true,"showFlares":true,"showImageEffects":true,"showParticleSystems":true},"in2DMode":false,"pivot":{"x":-0.009145124815404415,"y":-0.367428183555603,"z":-0.12683403491973878},"rotation":{"x":0.3083933889865875,"y":-0.04136762395501137,"z":0.013424623757600785,"w":0.9502679705619812},"size":3.241837739944458,"orthographic":false}